{
    "eval_loss": 1.254172921180725,
    "eval_model_preparation_time": 0.0022,
    "eval_accuracy": 0.41865443425076454,
    "eval_runtime": 339.2248,
    "eval_samples_per_second": 9.64,
    "eval_steps_per_second": 0.604
}